org.apache.rocketmq.client.consumer.rebalance.AllocateMessageQueueAveragely;32;56.19514869490164

org.apache.rocketmq.client.consumer.rebalance.AllocateMessageQueueConsistentHash;47;45.88314677411235

org.apache.rocketmq.client.Validators;106;45.88314677411235

org.apache.rocketmq.client.impl.consumer.ProcessQueue;41;39.73597071195131

org.apache.rocketmq.client.producer.selector.SelectMessageQueueByHash;24;22.941573387056174

org.apache.rocketmq.client.impl.producer.TopicPublishInfo;26;22.941573387056174

org.apache.rocketmq.client.impl.producer.TopicPublishInfo;27;22.941573387056174

org.apache.rocketmq.client.impl.producer.TopicPublishInfo;28;22.941573387056174

org.apache.rocketmq.client.impl.producer.TopicPublishInfo;29;22.941573387056174

org.apache.rocketmq.client.impl.producer.TopicPublishInfo;30;22.941573387056174

org.apache.rocketmq.client.common.ThreadLocalIndex;22;8.6710996952412

org.apache.rocketmq.client.common.ThreadLocalIndex;23;8.6710996952412

org.apache.rocketmq.client.common.ThreadLocalIndex;24;8.6710996952412

